Provincia,Nombre,Latitud,Longitud,Year,Tmed_min,Tmed_year,Tmed_max,Dias<0ยบ,Dias>30ยบ,Hum relativa,Precipitacion,Lluvia
BARCELONA,BARCELONA AEROPUERTO,411734N,020412E,1979,10.64,15.33,20.03,3.0,5.0,71.75,755.7,47.0
BARCELONA,BARCELONA AEROPUERTO,411734N,020412E,1980,10.36,15.08,19.81,10.0,3.0,73.17,432.9,36.0
BARCELONA,BARCELONA AEROPUERTO,411734N,020412E,1981,10.88,15.58,20.29,6.0,7.0,71.75,428.5,15.0
BARCELONA,BARCELONA AEROPUERTO,411734N,020412E,1982,11.48,15.88,20.26,1.0,12.0,73.92,702.2,4.0
BARCELONA,BARCELONA AEROPUERTO,411734N,020412E,1983,11.07,15.74,20.41,6.0,18.0,71.92,757.3,0.0
BARCELONA,BARCELONA AEROPUERTO,411734N,020412E,1984,9.94,14.75,19.55,6.0,0.0,72.83,699.2,11.0
BARCELONA,BARCELONA AEROPUERTO,411734N,020412E,1985,10.41,15.11,19.82,19.0,2.0,72.92,511.7,52.0
BARCELONA,BARCELONA AEROPUERTO,411734N,020412E,1986,10.6,15.37,20.11,6.0,6.0,73.5,571.2,92.0
BARCELONA,BARCELONA AEROPUERTO,411734N,020412E,1987,11.07,15.6,20.11,9.0,12.0,74.33,984.8,100.0
BARCELONA,BARCELONA AEROPUERTO,411734N,020412E,1988,10.67,15.67,20.65,10.0,14.0,72.75,426.0,88.0
BARCELONA,BARCELONA AEROPUERTO,411734N,020412E,1989,11.75,16.37,20.98,0.0,18.0,74.08,573.2,102.0
BARCELONA,BARCELONA AEROPUERTO,411734N,020412E,1990,12.38,16.67,20.92,1.0,22.0,71.0,684.2,84.0
BARCELONA,BARCELONA AEROPUERTO,411734N,020412E,1991,10.49,14.92,19.27,2.0,2.0,72.5,628.0,99.0
BARCELONA,BARCELONA AEROPUERTO,411734N,020412E,1992,10.35,14.76,19.13,4.0,3.0,,534.6999999999999,104.0
BARCELONA,BARCELONA AEROPUERTO,411734N,020412E,1993,10.46,14.81,19.12,5.0,8.0,71.33,695.8,97.0
BARCELONA,BARCELONA AEROPUERTO,411734N,020412E,1994,12.71,16.78,20.85,0.0,28.0,70.42,561.4,78.0
BARCELONA,BARCELONA AEROPUERTO,411734N,020412E,1995,12.7,16.6,20.51,0.0,13.0,70.25,536.1,113.0
BARCELONA,BARCELONA AEROPUERTO,411734N,020412E,1996,12.4,16.15,19.91,1.0,8.0,71.92,1025.5,133.0
BARCELONA,BARCELONA AEROPUERTO,411734N,020412E,1997,13.23,17.03,20.8,0.0,9.0,72.33,456.8,85.0
BARCELONA,BARCELONA AEROPUERTO,411734N,020412E,1998,12.55,16.79,21.02,0.0,25.0,68.58,501.7,81.0
BARCELONA,BARCELONA AEROPUERTO,411734N,020412E,1999,12.62,16.71,20.78,3.0,11.0,67.92,385.2,83.0
BARCELONA,BARCELONA AEROPUERTO,411734N,020412E,2000,12.1,16.05,19.99,0.0,4.0,71.08,404.6,91.0
BARCELONA,BARCELONA AEROPUERTO,411734N,020412E,2001,11.51,15.3,19.07,10.0,2.0,68.42,474.9,74.0
BARCELONA,BARCELONA AEROPUERTO,411734N,020412E,2002,11.61,15.68,19.69,0.0,3.0,71.08,773.3,96.0
BARCELONA,BARCELONA AEROPUERTO,411734N,020412E,2003,13.15,17.44,21.68,4.0,71.0,69.33,651.5999999999999,88.0
BARCELONA,BARCELONA AEROPUERTO,411734N,020412E,2004,13.12,17.17,21.16,1.0,26.0,68.92,507.5,92.0
BARCELONA,BARCELONA AEROPUERTO,411734N,020412E,2005,12.48,16.46,20.38,5.0,12.0,64.58,581.0,97.0
BARCELONA,BARCELONA AEROPUERTO,411734N,020412E,2006,13.3,17.39,21.43,0.0,34.0,64.5,361.6,82.0
BARCELONA,BARCELONA AEROPUERTO,411734N,020412E,2007,12.59,16.9,21.12,7.0,11.0,60.75,534.6,83.0
BARCELONA,BARCELONA AEROPUERTO,411734N,020412E,2008,12.34,16.46,20.48,1.0,18.0,63.0,509.5,107.0
BARCELONA,BARCELONA AEROPUERTO,411734N,020412E,2009,12.6,16.73,20.84,7.0,27.0,62.17,354.2,72.0
BARCELONA,BARCELONA AEROPUERTO,411734N,020412E,2010,11.68,15.81,19.89,13.0,18.0,62.22,428.4,78.0
BARCELONA,BARCELONA AEROPUERTO,411734N,020412E,2011,13.02,17.22,21.38,5.0,17.0,63.27,700.2,89.0
BARCELONA,BARCELONA AEROPUERTO,411734N,020412E,2012,12.79,17.02,21.19,10.0,23.0,61.88,446.2,84.0
BARCELONA,BARCELONA AEROPUERTO,411734N,020412E,2013,13.07,16.92,20.72,0.0,18.0,67.25,590.4,93.0
BARCELONA,BARCELONA AEROPUERTO,411734N,020412E,2014,13.95,17.74,21.44,0.0,5.0,72.09,419.40000000000003,77.0
BARCELONA,BARCELONA AEROPUERTO,411734N,020412E,2015,13.55,17.48,21.4,0.0,28.0,67.75,323.9,70.0
BARCELONA,BARCELONA AEROPUERTO,411734N,020412E,2016,13.61,17.46,21.27,0.0,15.0,67.83,406.9,79.0
BARCELONA,BARCELONA AEROPUERTO,411734N,020412E,2017,13.52,17.57,21.59,1.0,24.0,66.17,353.70000000000005,81.0
BARCELONA,BARCELONA AEROPUERTO,411734N,020412E,2018,13.88,17.75,21.6,0.0,34.0,68.08,753.4,110.0
BARCELONA,BARCELONA AEROPUERTO,411734N,020412E,2019,13.42,17.47,21.48,0.0,32.0,67.83,672.8,80.0
BARCELONA,BARCELONA AEROPUERTO,411734N,020412E,2020,13.62,17.58,21.47,0.0,31.0,70.58,1012.5,86.0
BARCELONA,BARCELONA AEROPUERTO,411734N,020412E,2021,13.64,17.32,20.97,1.0,17.0,68.75,334.0,82.0
BARCELONA,BARCELONA AEROPUERTO,411734N,020412E,2022,14.97,18.92,22.79,0.0,66.0,67.55,331.8,76.0
BARCELONA,BARCELONA AEROPUERTO,411734N,020412E,2023,14.58,18.39,22.15,1.0,25.0,66.91,274.5,53.0
BIZKAIA,BILBAO AEROPUERTO,431753N,025423W,1979,9.42,13.85,18.29,3.0,7.0,72.83,1571.1,209.0
BIZKAIA,BILBAO AEROPUERTO,431753N,025423W,1980,9.18,13.68,18.14,12.0,10.0,71.42,1226.7,180.0
BIZKAIA,BILBAO AEROPUERTO,431753N,025423W,1981,9.58,14.19,18.82,6.0,14.0,71.25,969.4,187.0
BIZKAIA,BILBAO AEROPUERTO,431753N,025423W,1982,10.06,14.64,19.21,2.0,19.0,70.67,1188.8,187.0
BIZKAIA,BILBAO AEROPUERTO,431753N,025423W,1983,10.01,14.85,19.68,18.0,21.0,69.75,1315.3,169.0
BIZKAIA,BILBAO AEROPUERTO,431753N,025423W,1984,9.01,13.76,18.53,13.0,13.0,71.08,1385.6000000000001,202.0
BIZKAIA,BILBAO AEROPUERTO,431753N,025423W,1985,9.22,14.62,20.01,23.0,33.0,67.78,1045.6000000000001,180.0
BIZKAIA,BILBAO AEROPUERTO,431753N,025423W,1986,9.26,14.4,19.49,6.0,19.0,69.92,1226.1000000000001,198.0
BIZKAIA,BILBAO AEROPUERTO,431753N,025423W,1987,9.84,14.97,20.04,11.0,17.0,70.83,981.8,185.0
BIZKAIA,BILBAO AEROPUERTO,431753N,025423W,1988,9.79,15.0,20.13,13.0,13.0,72.18,1068.0,199.0
BIZKAIA,BILBAO AEROPUERTO,431753N,025423W,1989,9.77,15.45,21.11,8.0,22.0,70.83,824.0,141.0
BIZKAIA,BILBAO AEROPUERTO,431753N,025423W,1990,9.6,14.99,20.32,18.0,20.0,69.83,1024.8,174.0
BIZKAIA,BILBAO AEROPUERTO,431753N,025423W,1991,8.9,13.94,18.94,17.0,20.0,70.33,1073.4,180.0
BIZKAIA,BILBAO AEROPUERTO,431753N,025423W,1992,9.07,13.99,18.9,17.0,19.0,71.92,1349.6,172.0
BIZKAIA,BILBAO AEROPUERTO,431753N,025423W,1993,8.87,13.93,18.93,11.0,8.0,71.08,1066.5,175.0
BIZKAIA,BILBAO AEROPUERTO,431753N,025423W,1994,10.19,14.88,19.53,2.0,12.0,71.17,1258.1,196.0
BIZKAIA,BILBAO AEROPUERTO,431753N,025423W,1995,9.88,15.05,20.15,8.0,13.0,71.75,1033.0,187.0
BIZKAIA,BILBAO AEROPUERTO,431753N,025423W,1996,9.57,14.2,18.82,10.0,12.0,74.25,1289.3,207.0
BIZKAIA,BILBAO AEROPUERTO,431753N,025423W,1997,10.67,15.52,20.34,4.0,14.0,73.5,1023.1,177.0
BIZKAIA,BILBAO AEROPUERTO,431753N,025423W,1998,9.99,14.7,19.38,11.0,9.0,75.17,1212.3,186.0
BIZKAIA,BILBAO AEROPUERTO,431753N,025423W,1999,9.79,14.57,19.32,11.0,13.0,74.92,1000.4,178.0
BIZKAIA,BILBAO AEROPUERTO,431753N,025423W,2000,10.11,15.13,20.13,8.0,17.0,78.2,803.4,151.0
BIZKAIA,BILBAO AEROPUERTO,431753N,025423W,2001,9.89,14.61,19.25,14.0,17.0,69.36,668.3,150.0
BIZKAIA,BILBAO AEROPUERTO,431753N,025423W,2002,10.35,14.68,18.99,0.0,5.0,68.33,1033.4,196.0
BIZKAIA,BILBAO AEROPUERTO,431753N,025423W,2003,11.22,15.8,20.33,6.0,31.0,67.17,1138.1,193.0
BIZKAIA,BILBAO AEROPUERTO,431753N,025423W,2004,10.42,14.82,19.19,3.0,21.0,68.67,1069.3,196.0
BIZKAIA,BILBAO AEROPUERTO,431753N,025423W,2005,10.17,14.78,19.38,14.0,20.0,66.58,1215.4,171.0
BIZKAIA,BILBAO AEROPUERTO,431753N,025423W,2006,11.01,15.63,20.25,11.0,22.0,67.17,959.4,165.0
BIZKAIA,BILBAO AEROPUERTO,431753N,025423W,2007,10.22,14.58,18.9,11.0,13.0,69.75,1089.0,182.0
BIZKAIA,BILBAO AEROPUERTO,431753N,025423W,2008,10.44,14.78,19.07,4.0,8.0,69.33,1428.4,198.0
BIZKAIA,BILBAO AEROPUERTO,431753N,025423W,2009,10.46,15.08,19.69,8.0,16.0,68.83,1170.2,177.0
BIZKAIA,BILBAO AEROPUERTO,431753N,025423W,2010,9.88,14.55,19.2,8.0,10.0,66.25,1300.8,176.0
BIZKAIA,BILBAO AEROPUERTO,431753N,025423W,2011,11.39,16.21,21.01,3.0,25.0,66.33,904.0999999999999,185.0
BIZKAIA,BILBAO AEROPUERTO,431753N,025423W,2012,9.57,14.39,19.13,9.0,21.0,69.75,1031.0,196.0
BIZKAIA,BILBAO AEROPUERTO,431753N,025423W,2013,9.94,14.46,18.94,2.0,20.0,73.83,1647.5,195.0
BIZKAIA,BILBAO AEROPUERTO,431753N,025423W,2014,11.22,16.09,20.92,3.0,26.0,71.5,1071.3,193.0
BIZKAIA,BILBAO AEROPUERTO,431753N,025423W,2015,10.38,15.22,19.98,7.0,23.0,72.83,1163.6000000000001,174.0
BIZKAIA,BILBAO AEROPUERTO,431753N,025423W,2016,10.02,14.94,19.83,3.0,20.0,72.58,1240.1,181.0
BIZKAIA,BILBAO AEROPUERTO,431753N,025423W,2017,10.16,15.26,20.32,15.0,20.0,74.33,1313.5,184.0
BIZKAIA,BILBAO AEROPUERTO,431753N,025423W,2018,10.71,15.23,19.7,8.0,13.0,74.42,1323.2,191.0
BIZKAIA,BILBAO AEROPUERTO,431753N,025423W,2019,10.15,15.15,20.13,4.0,18.0,72.08,1266.6,184.0
BIZKAIA,BILBAO AEROPUERTO,431753N,025423W,2020,10.94,15.85,20.71,0.0,21.0,72.33,1114.1,201.0
BIZKAIA,BILBAO AEROPUERTO,431753N,025423W,2021,10.33,14.97,19.56,2.0,10.0,73.5,1282.5,182.0
BIZKAIA,BILBAO AEROPUERTO,431753N,025423W,2022,11.28,16.32,21.29,8.0,35.0,70.5,849.8,164.0
BIZKAIA,BILBAO AEROPUERTO,431753N,025423W,2023,11.24,16.27,21.25,8.0,32.0,71.17,1241.9,190.0
ILLES BALEARS,"PALMA DE MALLORCA, AEROPUERTO",393339N,024412E,1979,9.82,15.73,21.69,16.0,47.0,73.92,486.4,80.0
ILLES BALEARS,"PALMA DE MALLORCA, AEROPUERTO",393339N,024412E,1980,9.35,15.28,21.19,21.0,41.0,74.83,401.59999999999997,81.0
ILLES BALEARS,"PALMA DE MALLORCA, AEROPUERTO",393339N,024412E,1981,9.85,15.93,22.0,22.0,42.0,73.08,378.3,46.0
ILLES BALEARS,"PALMA DE MALLORCA, AEROPUERTO",393339N,024412E,1982,10.64,16.45,22.28,6.0,65.0,74.08,313.8,83.0
ILLES BALEARS,"PALMA DE MALLORCA, AEROPUERTO",393339N,024412E,1983,9.63,16.17,22.67,29.0,62.0,71.92,245.8,64.0
ILLES BALEARS,"PALMA DE MALLORCA, AEROPUERTO",393339N,024412E,1984,9.07,15.15,21.26,19.0,39.0,71.25,410.9,99.0
ILLES BALEARS,"PALMA DE MALLORCA, AEROPUERTO",393339N,024412E,1985,9.81,15.91,22.01,27.0,58.0,73.25,362.6,93.0
ILLES BALEARS,"PALMA DE MALLORCA, AEROPUERTO",393339N,024412E,1986,9.93,16.03,22.12,12.0,63.0,75.08,499.7,102.0
ILLES BALEARS,"PALMA DE MALLORCA, AEROPUERTO",393339N,024412E,1987,10.46,16.53,22.58,13.0,79.0,75.17,511.8,104.0
ILLES BALEARS,"PALMA DE MALLORCA, AEROPUERTO",393339N,024412E,1988,10.58,16.58,22.57,18.0,60.0,73.0,339.4,94.0
ILLES BALEARS,"PALMA DE MALLORCA, AEROPUERTO",393339N,024412E,1989,11.16,17.08,22.98,10.0,61.0,74.0,345.7,93.0
ILLES BALEARS,"PALMA DE MALLORCA, AEROPUERTO",393339N,024412E,1990,10.84,16.68,22.52,9.0,60.0,76.33,442.3,92.0
ILLES BALEARS,"PALMA DE MALLORCA, AEROPUERTO",393339N,024412E,1991,9.93,15.82,21.73,11.0,67.0,72.08,503.3,93.0
ILLES BALEARS,"PALMA DE MALLORCA, AEROPUERTO",393339N,024412E,1992,10.12,16.03,21.92,21.0,52.0,74.75,342.7,91.0
ILLES BALEARS,"PALMA DE MALLORCA, AEROPUERTO",393339N,024412E,1993,9.72,15.78,21.82,20.0,46.0,73.08,365.8,97.0
ILLES BALEARS,"PALMA DE MALLORCA, AEROPUERTO",393339N,024412E,1994,10.61,16.81,23.0,21.0,74.0,73.42,495.6,75.0
ILLES BALEARS,"PALMA DE MALLORCA, AEROPUERTO",393339N,024412E,1995,10.85,16.83,22.8,12.0,52.0,70.42,265.3,99.0
ILLES BALEARS,"PALMA DE MALLORCA, AEROPUERTO",393339N,024412E,1996,10.58,16.18,21.78,8.0,40.0,70.33,535.9,129.0
ILLES BALEARS,"PALMA DE MALLORCA, AEROPUERTO",393339N,024412E,1997,11.2,17.19,23.15,5.0,60.0,69.58,398.5,94.0
ILLES BALEARS,"PALMA DE MALLORCA, AEROPUERTO",393339N,024412E,1998,10.88,16.82,22.72,3.0,66.0,69.08,409.8,97.0
ILLES BALEARS,"PALMA DE MALLORCA, AEROPUERTO",393339N,024412E,1999,10.57,16.75,22.91,19.0,81.0,69.33,227.3,96.0
ILLES BALEARS,"PALMA DE MALLORCA, AEROPUERTO",393339N,024412E,2000,10.46,16.7,22.91,15.0,62.0,69.17,255.9,88.0
ILLES BALEARS,"PALMA DE MALLORCA, AEROPUERTO",393339N,024412E,2001,10.75,16.96,23.12,11.0,69.0,73.08,352.3,78.0
ILLES BALEARS,"PALMA DE MALLORCA, AEROPUERTO",393339N,024412E,2002,11.14,16.91,22.62,3.0,48.0,73.83,557.8000000000001,107.0
ILLES BALEARS,"PALMA DE MALLORCA, AEROPUERTO",393339N,024412E,2003,11.7,17.5,23.28,9.0,92.0,73.25,437.4,114.0
ILLES BALEARS,"PALMA DE MALLORCA, AEROPUERTO",393339N,024412E,2004,11.04,16.82,22.56,13.0,78.0,72.83,406.9,108.0
ILLES BALEARS,"PALMA DE MALLORCA, AEROPUERTO",393339N,024412E,2005,10.34,16.28,22.18,28.0,68.0,69.5,298.20000000000005,92.0
ILLES BALEARS,"PALMA DE MALLORCA, AEROPUERTO",393339N,024412E,2006,12.1,17.73,23.32,14.0,72.0,70.82,499.8,90.0
ILLES BALEARS,"PALMA DE MALLORCA, AEROPUERTO",393339N,024412E,2007,11.5,16.97,22.42,7.0,39.0,70.5,518.3,86.0
ILLES BALEARS,"PALMA DE MALLORCA, AEROPUERTO",393339N,024412E,2008,11.3,16.66,22.0,5.0,51.0,70.17,502.09999999999997,109.0
ILLES BALEARS,"PALMA DE MALLORCA, AEROPUERTO",393339N,024412E,2009,11.41,17.01,22.52,5.0,74.0,69.83,557.3,111.0
ILLES BALEARS,"PALMA DE MALLORCA, AEROPUERTO",393339N,024412E,2010,10.82,16.28,21.68,15.0,46.0,70.42,559.6,113.0
ILLES BALEARS,"PALMA DE MALLORCA, AEROPUERTO",393339N,024412E,2011,11.78,17.48,23.11,6.0,52.0,72.42,480.9,83.0
ILLES BALEARS,"PALMA DE MALLORCA, AEROPUERTO",393339N,024412E,2012,11.27,16.99,22.65,8.0,64.0,67.33,377.9,101.0
ILLES BALEARS,"PALMA DE MALLORCA, AEROPUERTO",393339N,024412E,2013,11.34,17.0,22.62,6.0,61.0,64.4,422.0,108.0
ILLES BALEARS,"PALMA DE MALLORCA, AEROPUERTO",393339N,024412E,2014,12.07,17.92,23.72,3.0,84.0,68.0,365.29999999999995,89.0
ILLES BALEARS,"PALMA DE MALLORCA, AEROPUERTO",393339N,024412E,2015,11.28,17.41,23.5,11.0,81.0,67.75,388.7,76.0
ILLES BALEARS,"PALMA DE MALLORCA, AEROPUERTO",393339N,024412E,2016,11.72,17.62,23.47,3.0,74.0,67.0,496.90000000000003,88.0
ILLES BALEARS,"PALMA DE MALLORCA, AEROPUERTO",393339N,024412E,2017,11.35,17.47,23.51,4.0,78.0,67.0,476.7,90.0
ILLES BALEARS,"PALMA DE MALLORCA, AEROPUERTO",393339N,024412E,2018,11.91,17.44,22.92,7.0,83.0,69.83,451.2,105.0
ILLES BALEARS,"PALMA DE MALLORCA, AEROPUERTO",393339N,024412E,2019,11.48,17.41,23.32,8.0,74.0,66.08,397.2,66.0
ILLES BALEARS,"PALMA DE MALLORCA, AEROPUERTO",393339N,024412E,2020,12.08,17.75,23.37,3.0,58.0,68.08,390.1,79.0
ILLES BALEARS,"PALMA DE MALLORCA, AEROPUERTO",393339N,024412E,2021,12.2,17.49,22.7,5.0,63.0,68.92,426.40000000000003,101.0
ILLES BALEARS,"PALMA DE MALLORCA, AEROPUERTO",393339N,024412E,2022,12.67,18.43,24.15,11.0,99.0,68.45,249.9,84.0
ILLES BALEARS,"PALMA DE MALLORCA, AEROPUERTO",393339N,024412E,2023,12.22,18.02,23.77,7.0,78.0,69.92,329.4,81.0
MADRID,"MADRID, RETIRO",402443N,034041W,1979,9.64,14.33,19.03,12.0,47.0,58.25,498.5,114.0
MADRID,"MADRID, RETIRO",402443N,034041W,1980,9.16,14.19,19.21,21.0,65.0,54.75,367.5,89.0
MADRID,"MADRID, RETIRO",402443N,034041W,1981,9.77,14.88,20.01,23.0,63.0,52.08,425.09999999999997,77.0
MADRID,"MADRID, RETIRO",402443N,034041W,1982,9.68,14.73,19.8,3.0,53.0,54.83,369.9,73.0
MADRID,"MADRID, RETIRO",402443N,034041W,1983,9.23,14.9,20.53,31.0,65.0,51.33,260.1,65.0
MADRID,"MADRID, RETIRO",402443N,034041W,1984,8.46,13.62,18.78,29.0,52.0,54.5,494.3,97.0
MADRID,"MADRID, RETIRO",402443N,034041W,1985,9.94,14.93,19.92,28.0,76.0,51.08,338.8,83.0
MADRID,"MADRID, RETIRO",402443N,034041W,1986,9.59,14.48,19.31,27.0,64.0,54.0,387.5,86.0
MADRID,"MADRID, RETIRO",402443N,034041W,1987,10.44,15.16,19.84,20.0,65.0,55.5,544.9,110.0
MADRID,"MADRID, RETIRO",402443N,034041W,1988,10.05,14.72,19.39,10.0,54.0,56.25,413.9,102.0
MADRID,"MADRID, RETIRO",402443N,034041W,1989,11.16,15.82,20.45,3.0,66.0,54.5,560.7,104.0
MADRID,"MADRID, RETIRO",402443N,034041W,1990,10.58,15.39,20.19,16.0,72.0,54.0,304.3,80.0
MADRID,"MADRID, RETIRO",402443N,034041W,1991,9.88,14.8,19.66,12.0,73.0,51.17,342.8,81.0
MADRID,"MADRID, RETIRO",402443N,034041W,1992,9.79,14.78,19.73,12.0,63.0,53.36,350.09999999999997,81.0
MADRID,"MADRID, RETIRO",402443N,034041W,1993,9.22,14.04,18.82,14.0,55.0,59.73,469.7,92.0
MADRID,"MADRID, RETIRO",402443N,034041W,1994,10.39,15.48,20.51,18.0,76.0,60.83,293.2,82.0
MADRID,"MADRID, RETIRO",402443N,034041W,1995,10.9,15.84,20.73,9.0,57.0,58.25,332.3,93.0
MADRID,"MADRID, RETIRO",402443N,034041W,1996,10.08,14.73,19.38,8.0,51.0,60.58,513.9,105.0
MADRID,"MADRID, RETIRO",402443N,034041W,1997,10.98,15.64,20.28,8.0,44.0,62.83,573.4,121.0
MADRID,"MADRID, RETIRO",402443N,034041W,1998,10.26,15.12,19.95,10.0,67.0,61.25,394.6,84.0
MADRID,"MADRID, RETIRO",402443N,034041W,1999,9.83,14.87,19.88,24.0,65.0,60.25,382.0,83.0
MADRID,"MADRID, RETIRO",402443N,034041W,2000,9.92,15.01,20.08,14.0,65.0,59.17,489.40000000000003,97.0
MADRID,"MADRID, RETIRO",402443N,034041W,2001,10.14,15.05,19.9,15.0,69.0,60.0,364.3,92.0
MADRID,"MADRID, RETIRO",402443N,034041W,2002,10.48,15.16,19.8,1.0,56.0,61.0,502.0,113.0
MADRID,"MADRID, RETIRO",402443N,034041W,2003,10.93,15.74,20.51,16.0,79.0,58.92,518.5,92.0
MADRID,"MADRID, RETIRO",402443N,034041W,2004,10.24,15.11,19.92,9.0,63.0,59.83,484.8,86.0
MADRID,"MADRID, RETIRO",402443N,034041W,2005,10.14,15.3,20.44,35.0,79.0,53.42,251.7,59.0
MADRID,"MADRID, RETIRO",402443N,034041W,2006,11.02,15.88,20.68,12.0,81.0,58.17,500.9,88.0
MADRID,"MADRID, RETIRO",402443N,034041W,2007,9.78,14.64,19.48,9.0,41.0,57.9,406.4,84.0
MADRID,"MADRID, RETIRO",402443N,034041W,2008,9.95,14.85,19.75,10.0,58.0,62.0,463.29999999999995,94.0
MADRID,"MADRID, RETIRO",402443N,034041W,2009,10.6,15.95,21.23,18.0,93.0,38.0,335.4,79.0
MADRID,"MADRID, RETIRO",402443N,034041W,2010,9.97,14.71,19.44,27.0,81.0,43.0,557.3,106.0
MADRID,"MADRID, RETIRO",402443N,034041W,2011,10.94,16.04,21.09,11.0,79.0,,380.4,86.0
MADRID,"MADRID, RETIRO",402443N,034041W,2012,10.32,15.51,20.68,20.0,89.0,,331.7,75.0
MADRID,"MADRID, RETIRO",402443N,034041W,2013,10.01,15.02,19.99,11.0,77.0,40.0,373.0,91.0
MADRID,"MADRID, RETIRO",402443N,034041W,2014,11.11,16.07,20.98,2.0,63.0,43.0,417.3,96.0
MADRID,"MADRID, RETIRO",402443N,034041W,2015,11.27,16.58,21.88,7.0,88.0,54.86,278.40000000000003,63.0
MADRID,"MADRID, RETIRO",402443N,034041W,2016,11.01,16.03,21.02,4.0,91.0,59.5,486.0,98.0
MADRID,"MADRID, RETIRO",402443N,034041W,2017,11.28,16.72,22.1,18.0,84.0,53.17,256.1,55.0
MADRID,"MADRID, RETIRO",402443N,034041W,2018,10.76,15.56,20.26,12.0,86.0,59.33,589.2,109.0
MADRID,"MADRID, RETIRO",402443N,034041W,2019,10.82,16.12,21.38,9.0,78.0,49.75,391.5,74.0
MADRID,"MADRID, RETIRO",402443N,034041W,2020,11.1,16.01,20.88,6.0,84.0,57.0,474.4,98.0
MADRID,"MADRID, RETIRO",402443N,034041W,2021,10.72,15.58,20.38,18.0,68.0,56.08,623.4,80.0
MADRID,"MADRID, RETIRO",402443N,034041W,2022,12.29,17.5,22.64,3.0,83.0,54.5,367.4,80.0
MADRID,"MADRID, RETIRO",402443N,034041W,2023,11.37,16.53,21.62,12.0,73.0,53.75,162.6,45.0
OURENSE,OURENSE,421931N,075135W,1979,9.44,14.57,19.72,13.0,39.0,,1108.8,128.0
OURENSE,OURENSE,421931N,075135W,1980,8.87,14.07,19.22,24.0,18.0,50.0,652.5,114.0
OURENSE,OURENSE,421931N,075135W,1981,9.84,14.68,19.52,26.0,43.0,,738.8,106.0
OURENSE,OURENSE,421931N,075135W,1982,9.25,15.59,21.94,6.0,28.0,,303.1,58.0
OURENSE,OURENSE,421931N,075135W,1983,8.15,14.12,20.11,32.0,35.0,79.38,799.9,153.0
OURENSE,OURENSE,421931N,075135W,1984,7.78,13.91,20.0,33.0,41.0,73.91,876.8,173.0
OURENSE,OURENSE,421931N,075135W,1985,7.48,14.22,20.98,39.0,65.0,71.0,813.5,125.0
OURENSE,OURENSE,421931N,075135W,1986,7.91,13.89,19.88,18.0,44.0,71.0,770.9000000000001,156.0
OURENSE,OURENSE,421931N,075135W,1987,8.67,14.8,20.94,31.0,58.0,70.42,921.8,148.0
OURENSE,OURENSE,421931N,075135W,1988,8.11,14.34,20.53,39.0,48.0,70.58,773.0,147.0
OURENSE,OURENSE,421931N,075135W,1989,8.7,15.52,22.32,30.0,80.0,68.75,786.9,150.0
OURENSE,OURENSE,421931N,075135W,1990,8.65,15.25,21.86,26.0,69.0,67.67,542.9,140.0
OURENSE,OURENSE,421931N,075135W,1991,8.12,14.43,20.76,33.0,67.0,69.25,660.6,158.0
OURENSE,OURENSE,421931N,075135W,1992,7.71,14.16,20.62,41.0,46.0,69.42,619.0,136.0
OURENSE,OURENSE,421931N,075135W,1993,7.68,13.9,20.14,34.0,44.0,71.25,804.0999999999999,184.0
OURENSE,OURENSE,421931N,075135W,1994,8.56,14.87,21.14,18.0,56.0,71.25,810.4,161.0
OURENSE,OURENSE,421931N,075135W,1995,8.96,15.58,22.2,19.0,55.0,69.83,1017.3,147.0
OURENSE,OURENSE,421931N,075135W,1996,8.39,14.81,21.22,25.0,54.0,70.33,868.3,157.0
OURENSE,OURENSE,421931N,075135W,1997,9.45,15.9,22.36,4.0,56.0,71.08,1019.6,168.0
OURENSE,OURENSE,421931N,075135W,1998,8.66,15.22,21.75,21.0,62.0,70.5,674.4,145.0
OURENSE,OURENSE,421931N,075135W,1999,8.46,14.72,20.94,23.0,61.0,71.08,929.4,158.0
OURENSE,OURENSE,421931N,075135W,2000,8.58,14.87,21.18,26.0,53.0,71.0,1038.0,175.0
OURENSE,OURENSE,421931N,075135W,2001,8.44,14.89,21.35,31.0,63.0,70.42,977.7,150.0
OURENSE,OURENSE,421931N,075135W,2002,9.01,15.28,21.52,12.0,58.0,69.75,937.5,163.0
OURENSE,OURENSE,421931N,075135W,2003,9.28,15.62,21.98,19.0,69.0,69.0,871.9,163.0
OURENSE,OURENSE,421931N,075135W,2004,8.49,15.1,21.72,25.0,72.0,68.42,572.8,147.0
OURENSE,OURENSE,421931N,075135W,2005,8.21,15.13,22.07,52.0,72.0,65.75,536.0,122.0
OURENSE,OURENSE,421931N,075135W,2006,9.22,15.89,22.53,39.0,82.0,69.0,896.9,157.0
OURENSE,OURENSE,421931N,075135W,2007,7.89,14.88,21.82,20.0,53.0,68.42,501.2,144.0
OURENSE,OURENSE,421931N,075135W,2008,8.42,14.91,21.37,22.0,44.0,71.17,770.1,168.0
OURENSE,OURENSE,421931N,075135W,2009,8.64,15.44,22.2,22.0,62.0,68.0,990.5,150.0
OURENSE,OURENSE,421931N,075135W,2010,8.71,15.26,21.72,37.0,87.0,68.33,995.0999999999999,168.0
OURENSE,OURENSE,421931N,075135W,2011,8.8,15.88,22.91,25.0,77.0,68.0,770.0,128.0
OURENSE,OURENSE,421931N,075135W,2012,8.12,14.88,21.6,39.0,57.0,67.73,629.9,157.0
OURENSE,OURENSE,421931N,075135W,2013,8.62,15.1,21.51,30.0,74.0,68.75,977.3,171.0
OURENSE,OURENSE,421931N,075135W,2014,9.46,15.69,21.86,4.0,56.0,71.58,997.0,188.0
OURENSE,OURENSE,421931N,075135W,2015,9.09,15.9,22.64,21.0,75.0,68.5,495.6,151.0
OURENSE,OURENSE,421931N,075135W,2016,9.21,15.63,22.01,10.0,79.0,70.18,934.2,168.0
OURENSE,OURENSE,421931N,075135W,2017,8.73,15.96,23.18,27.0,92.0,67.92,615.8,145.0
OURENSE,OURENSE,421931N,075135W,2018,9.51,15.66,21.76,15.0,76.0,70.82,1043.0,184.0
OURENSE,OURENSE,421931N,075135W,2019,8.56,15.17,21.74,25.0,59.0,66.55,921.2,168.0
OURENSE,OURENSE,421931N,075135W,2020,9.82,16.12,22.38,12.0,73.0,67.83,708.0,0.0
OURENSE,OURENSE,421931N,075135W,2021,9.11,15.52,21.85,18.0,53.0,68.0,840.4,35.0
OURENSE,OURENSE,421931N,075135W,2022,9.36,16.48,23.52,29.0,73.0,64.11,473.6,41.0
OURENSE,OURENSE,421931N,075135W,2023,10.18,16.62,23.02,27.0,74.0,68.25,595.0,60.0
SALAMANCA,SALAMANCA AEROPUERTO,405734N,052954W,1979,5.75,11.38,16.98,66.0,28.0,71.42,495.2,135.0
SALAMANCA,SALAMANCA AEROPUERTO,405734N,052954W,1980,4.83,11.11,17.34,90.0,36.0,70.5,270.7,109.0
SALAMANCA,SALAMANCA AEROPUERTO,405734N,052954W,1981,5.18,11.79,18.37,96.0,38.0,65.67,295.9,59.0
SALAMANCA,SALAMANCA AEROPUERTO,405734N,052954W,1982,5.74,11.86,17.93,74.0,30.0,65.67,343.2,97.0
SALAMANCA,SALAMANCA AEROPUERTO,405734N,052954W,1983,5.18,11.58,17.92,91.0,28.0,67.17,385.7,106.0
SALAMANCA,SALAMANCA AEROPUERTO,405734N,052954W,1984,5.38,11.22,17.03,64.0,26.0,68.0,487.5,126.0
SALAMANCA,SALAMANCA AEROPUERTO,405734N,052954W,1985,5.68,12.01,18.31,72.0,49.0,63.83,364.1,104.0
SALAMANCA,SALAMANCA AEROPUERTO,405734N,052954W,1986,5.68,11.76,17.82,77.0,35.0,66.5,310.6,101.0
SALAMANCA,SALAMANCA AEROPUERTO,405734N,052954W,1987,6.6,12.52,18.41,62.0,42.0,67.92,404.0,125.0
SALAMANCA,SALAMANCA AEROPUERTO,405734N,052954W,1988,5.78,11.86,17.92,75.0,36.0,70.33,432.3,133.0
SALAMANCA,SALAMANCA AEROPUERTO,405734N,052954W,1989,6.82,13.2,19.57,52.0,48.0,67.08,470.3,116.0
SALAMANCA,SALAMANCA AEROPUERTO,405734N,052954W,1990,6.55,12.82,19.06,68.0,51.0,67.58,331.3,109.0
SALAMANCA,SALAMANCA AEROPUERTO,405734N,052954W,1991,5.62,12.08,18.51,82.0,60.0,64.58,295.9,105.0
SALAMANCA,SALAMANCA AEROPUERTO,405734N,052954W,1992,5.51,12.0,18.47,85.0,45.0,62.67,267.9,97.0
SALAMANCA,SALAMANCA AEROPUERTO,405734N,052954W,1993,4.9,11.08,17.24,91.0,42.0,66.42,411.3,118.0
SALAMANCA,SALAMANCA AEROPUERTO,405734N,052954W,1994,6.1,12.5,18.88,58.0,52.0,65.75,317.8,92.0
SALAMANCA,SALAMANCA AEROPUERTO,405734N,052954W,1995,6.82,13.28,19.73,52.0,33.0,62.33,360.1,122.0
SALAMANCA,SALAMANCA AEROPUERTO,405734N,052954W,1996,6.02,12.15,18.25,63.0,43.0,63.75,432.7,130.0
SALAMANCA,SALAMANCA AEROPUERTO,405734N,052954W,1997,6.67,13.0,19.31,48.0,36.0,64.75,547.0,143.0
SALAMANCA,SALAMANCA AEROPUERTO,405734N,052954W,1998,5.54,12.19,18.82,82.0,51.0,64.17,321.70000000000005,98.0
SALAMANCA,SALAMANCA AEROPUERTO,405734N,052954W,1999,5.13,11.76,18.34,105.0,46.0,65.17,323.5,101.0
SALAMANCA,SALAMANCA AEROPUERTO,405734N,052954W,2000,5.11,11.87,18.59,80.0,45.0,65.5,391.5,118.0
SALAMANCA,SALAMANCA AEROPUERTO,405734N,052954W,2001,5.32,12.08,18.8,82.0,53.0,65.0,355.2,109.0
SALAMANCA,SALAMANCA AEROPUERTO,405734N,052954W,2002,5.98,12.48,18.96,55.0,35.0,66.67,426.1,122.0
SALAMANCA,SALAMANCA AEROPUERTO,405734N,052954W,2003,6.25,12.74,19.22,68.0,61.0,67.08,475.0,122.0
SALAMANCA,SALAMANCA AEROPUERTO,405734N,052954W,2004,5.28,11.94,18.57,99.0,46.0,65.58,272.2,95.0
SALAMANCA,SALAMANCA AEROPUERTO,405734N,052954W,2005,4.92,11.94,18.95,103.0,60.0,62.17,278.8,79.0
SALAMANCA,SALAMANCA AEROPUERTO,405734N,052954W,2006,6.11,12.8,19.47,70.0,64.0,64.5,353.9,100.0
SALAMANCA,SALAMANCA AEROPUERTO,405734N,052954W,2007,4.15,11.81,19.42,99.0,35.0,64.33,421.9,98.0
SALAMANCA,SALAMANCA AEROPUERTO,405734N,052954W,2008,4.16,11.62,19.02,95.0,44.0,67.5,371.6,114.0
SALAMANCA,SALAMANCA AEROPUERTO,405734N,052954W,2009,5.16,12.77,20.34,80.0,71.0,57.58,312.4,95.0
SALAMANCA,SALAMANCA AEROPUERTO,405734N,052954W,2010,5.28,12.19,19.05,77.0,67.0,60.83,414.7,129.0
SALAMANCA,SALAMANCA AEROPUERTO,405734N,052954W,2011,5.56,13.02,20.44,67.0,50.0,60.42,246.8,100.0
SALAMANCA,SALAMANCA AEROPUERTO,405734N,052954W,2012,4.52,12.06,19.58,103.0,54.0,62.83,363.6,100.0
SALAMANCA,SALAMANCA AEROPUERTO,405734N,052954W,2013,4.68,11.92,19.11,85.0,63.0,66.0,437.2,108.0
SALAMANCA,SALAMANCA AEROPUERTO,405734N,052954W,2014,5.43,12.65,19.77,65.0,40.0,64.75,316.4,124.0
SALAMANCA,SALAMANCA AEROPUERTO,405734N,052954W,2015,4.75,12.68,20.53,99.0,68.0,62.17,219.4,89.0
SALAMANCA,SALAMANCA AEROPUERTO,405734N,052954W,2016,5.62,12.61,19.55,64.0,66.0,65.5,396.5,116.0
SALAMANCA,SALAMANCA AEROPUERTO,405734N,052954W,2017,4.72,12.97,21.15,100.0,71.0,59.27,247.6,71.0
SALAMANCA,SALAMANCA AEROPUERTO,405734N,052954W,2018,5.54,12.38,19.18,78.0,69.0,66.36,450.6,125.0
SALAMANCA,SALAMANCA AEROPUERTO,405734N,052954W,2019,4.88,12.53,20.12,92.0,58.0,62.17,277.8,96.0
SALAMANCA,SALAMANCA AEROPUERTO,405734N,052954W,2020,5.78,13.18,20.52,70.0,70.0,65.58,344.0,109.0
SALAMANCA,SALAMANCA AEROPUERTO,405734N,052954W,2021,5.18,12.42,19.58,79.0,55.0,65.25,455.90000000000003,94.0
SALAMANCA,SALAMANCA AEROPUERTO,405734N,052954W,2022,5.98,13.7,21.36,71.0,76.0,60.67,378.6,99.0
SALAMANCA,SALAMANCA AEROPUERTO,405734N,052954W,2023,5.07,13.05,21.01,88.0,78.0,64.75,349.5,90.0
SEVILLA,SEVILLA AEROPUERTO,372500N,055245W,1979,12.03,18.09,24.16,3.0,98.0,61.42,679.7,32.0
SEVILLA,SEVILLA AEROPUERTO,372500N,055245W,1980,11.5,18.15,24.77,12.0,110.0,58.67,425.5,1.0
SEVILLA,SEVILLA AEROPUERTO,372500N,055245W,1981,11.84,18.7,25.55,20.0,115.0,55.75,307.0,8.0
SEVILLA,SEVILLA AEROPUERTO,372500N,055245W,1982,12.02,18.3,24.57,0.0,98.0,60.17,407.6,5.0
SEVILLA,SEVILLA AEROPUERTO,372500N,055245W,1983,12.14,18.64,25.13,6.0,113.0,57.75,611.6,1.0
SEVILLA,SEVILLA AEROPUERTO,372500N,055245W,1984,11.46,17.78,24.12,6.0,98.0,61.25,511.0,0.0
SEVILLA,SEVILLA AEROPUERTO,372500N,055245W,1985,12.12,18.62,25.17,9.0,122.0,59.83,624.1,35.0
SEVILLA,SEVILLA AEROPUERTO,372500N,055245W,1986,11.56,18.04,24.52,5.0,118.0,59.25,382.7,70.0
SEVILLA,SEVILLA AEROPUERTO,372500N,055245W,1987,12.85,18.72,24.6,5.0,104.0,61.33,812.1,80.0
SEVILLA,SEVILLA AEROPUERTO,372500N,055245W,1988,12.34,18.57,24.79,3.0,98.0,59.75,503.5,86.0
SEVILLA,SEVILLA AEROPUERTO,372500N,055245W,1989,13.27,19.58,25.88,2.0,120.0,59.5,940.6,88.0
SEVILLA,SEVILLA AEROPUERTO,372500N,055245W,1990,12.92,19.35,25.78,0.0,121.0,59.08,429.8,65.0
SEVILLA,SEVILLA AEROPUERTO,372500N,055245W,1991,12.18,18.72,25.22,1.0,117.0,57.75,560.5,84.0
SEVILLA,SEVILLA AEROPUERTO,372500N,055245W,1992,11.61,18.46,25.28,5.0,108.0,56.25,369.8,75.0
SEVILLA,SEVILLA AEROPUERTO,372500N,055245W,1993,11.75,18.23,24.69,7.0,88.0,58.42,316.8,88.0
SEVILLA,SEVILLA AEROPUERTO,372500N,055245W,1994,12.88,19.57,26.25,8.0,125.0,58.42,326.9,58.0
SEVILLA,SEVILLA AEROPUERTO,372500N,055245W,1995,13.96,20.31,26.62,2.0,127.0,63.83,524.3,74.0
SEVILLA,SEVILLA AEROPUERTO,372500N,055245W,1996,13.21,19.02,24.78,0.0,113.0,63.67,896.8000000000001,111.0
SEVILLA,SEVILLA AEROPUERTO,372500N,055245W,1997,14.1,19.92,25.75,0.0,103.0,60.5,710.5,89.0
SEVILLA,SEVILLA AEROPUERTO,372500N,055245W,1998,13.19,19.45,25.68,0.0,108.0,60.17,408.4,80.0
SEVILLA,SEVILLA AEROPUERTO,372500N,055245W,1999,13.11,19.32,25.5,1.0,118.0,56.92,428.1,73.0
SEVILLA,SEVILLA AEROPUERTO,372500N,055245W,2000,13.22,19.54,25.8,0.0,130.0,58.83,523.4,75.0
SEVILLA,SEVILLA AEROPUERTO,372500N,055245W,2001,13.78,19.64,25.47,0.0,123.0,60.5,674.1999999999999,88.0
SEVILLA,SEVILLA AEROPUERTO,372500N,055245W,2002,13.98,20.03,26.03,0.0,107.0,61.08,530.7,87.0
SEVILLA,SEVILLA AEROPUERTO,372500N,055245W,2003,14.0,19.82,25.58,0.0,130.0,59.33,682.7,83.0
SEVILLA,SEVILLA AEROPUERTO,372500N,055245W,2004,13.47,19.56,25.57,0.0,127.0,60.5,364.20000000000005,68.0
SEVILLA,SEVILLA AEROPUERTO,372500N,055245W,2005,13.03,19.48,25.9,7.0,140.0,54.67,254.5,61.0
SEVILLA,SEVILLA AEROPUERTO,372500N,055245W,2006,14.29,20.12,25.87,0.0,120.0,60.25,690.3,78.0
SEVILLA,SEVILLA AEROPUERTO,372500N,055245W,2007,13.45,19.48,25.48,0.0,114.0,60.92,377.5,79.0
SEVILLA,SEVILLA AEROPUERTO,372500N,055245W,2008,13.62,19.58,25.49,0.0,111.0,55.83,487.3,83.0
SEVILLA,SEVILLA AEROPUERTO,372500N,055245W,2009,14.22,20.35,26.41,3.0,136.0,54.17,597.4,73.0
SEVILLA,SEVILLA AEROPUERTO,372500N,055245W,2010,14.4,19.88,25.33,0.0,115.0,58.25,908.6,107.0
SEVILLA,SEVILLA AEROPUERTO,372500N,055245W,2011,14.3,20.33,26.32,0.0,146.0,56.09,396.2,71.0
SEVILLA,SEVILLA AEROPUERTO,372500N,055245W,2012,12.55,19.17,25.73,8.0,133.0,51.08,463.7,68.0
SEVILLA,SEVILLA AEROPUERTO,372500N,055245W,2013,12.78,19.03,25.24,0.0,121.0,57.75,404.8,80.0
SEVILLA,SEVILLA AEROPUERTO,372500N,055245W,2014,13.46,19.54,25.56,0.0,124.0,60.25,634.5,95.0
SEVILLA,SEVILLA AEROPUERTO,372500N,055245W,2015,13.32,20.03,26.68,0.0,133.0,56.92,336.2,72.0
SEVILLA,SEVILLA AEROPUERTO,372500N,055245W,2016,13.63,19.78,25.93,0.0,127.0,58.25,619.2,84.0
SEVILLA,SEVILLA AEROPUERTO,372500N,055245W,2017,13.41,20.24,27.02,1.0,151.0,53.92,321.0,56.0
SEVILLA,SEVILLA AEROPUERTO,372500N,055245W,2018,12.72,18.8,24.81,1.0,106.0,61.67,594.7,101.0
SEVILLA,SEVILLA AEROPUERTO,372500N,055245W,2019,12.77,19.44,26.08,0.0,133.0,56.91,265.4,50.0
SEVILLA,SEVILLA AEROPUERTO,372500N,055245W,2020,13.87,19.89,25.84,0.0,108.0,61.9,392.8,76.0
SEVILLA,SEVILLA AEROPUERTO,372500N,055245W,2021,13.02,19.55,26.01,4.0,133.0,58.17,303.7,71.0
SEVILLA,SEVILLA AEROPUERTO,372500N,055245W,2022,13.62,20.13,26.59,0.0,142.0,57.17,363.2,77.0
SEVILLA,SEVILLA AEROPUERTO,372500N,055245W,2023,13.91,20.81,27.69,3.0,140.0,52.36,324.8,63.0
STA. CRUZ DE TENERIFE,HIERRO AEROPUERTO,274908N,175320W,1979,15.49,18.81,22.13,0.0,0.0,73.08,179.0,23.0
STA. CRUZ DE TENERIFE,HIERRO AEROPUERTO,274908N,175320W,1980,15.84,19.2,22.58,0.0,1.0,73.08,157.6,20.0
STA. CRUZ DE TENERIFE,HIERRO AEROPUERTO,274908N,175320W,1981,15.76,19.19,22.65,0.0,0.0,72.0,92.30000000000001,14.0
STA. CRUZ DE TENERIFE,HIERRO AEROPUERTO,274908N,175320W,1982,17.04,20.13,23.23,0.0,2.0,71.17,143.9,20.0
STA. CRUZ DE TENERIFE,HIERRO AEROPUERTO,274908N,175320W,1983,17.43,20.48,23.57,0.0,12.0,72.0,204.4,32.0
STA. CRUZ DE TENERIFE,HIERRO AEROPUERTO,274908N,175320W,1984,17.52,20.32,23.12,0.0,0.0,73.67,124.4,24.0
STA. CRUZ DE TENERIFE,HIERRO AEROPUERTO,274908N,175320W,1985,18.03,20.72,23.39,0.0,3.0,74.42,165.3,27.0
STA. CRUZ DE TENERIFE,HIERRO AEROPUERTO,274908N,175320W,1986,18.05,20.33,22.62,0.0,1.0,73.42,101.6,17.0
STA. CRUZ DE TENERIFE,HIERRO AEROPUERTO,274908N,175320W,1987,19.14,21.64,24.13,0.0,8.0,76.17,450.3,37.0
STA. CRUZ DE TENERIFE,HIERRO AEROPUERTO,274908N,175320W,1988,18.62,20.94,23.28,0.0,0.0,77.75,583.3,40.0
STA. CRUZ DE TENERIFE,HIERRO AEROPUERTO,274908N,175320W,1989,19.0,21.37,23.68,0.0,2.0,78.83,191.4,53.0
STA. CRUZ DE TENERIFE,HIERRO AEROPUERTO,274908N,175320W,1990,19.22,21.45,23.67,0.0,3.0,80.75,96.0,44.0
STA. CRUZ DE TENERIFE,HIERRO AEROPUERTO,274908N,175320W,1991,18.6,20.82,22.98,0.0,2.0,81.75,189.0,45.0
STA. CRUZ DE TENERIFE,HIERRO AEROPUERTO,274908N,175320W,1992,18.75,20.98,23.21,0.0,0.0,77.42,64.8,52.0
STA. CRUZ DE TENERIFE,HIERRO AEROPUERTO,274908N,175320W,1993,18.34,20.52,22.66,0.0,0.0,73.67,177.3,59.0
STA. CRUZ DE TENERIFE,HIERRO AEROPUERTO,274908N,175320W,1994,18.78,20.9,22.99,0.0,0.0,74.92,31.3,38.0
STA. CRUZ DE TENERIFE,HIERRO AEROPUERTO,274908N,175320W,1995,19.32,21.58,23.8,0.0,2.0,77.92,169.7,50.0
STA. CRUZ DE TENERIFE,HIERRO AEROPUERTO,274908N,175320W,1996,18.83,21.02,23.19,0.0,0.0,72.58,203.9,91.0
STA. CRUZ DE TENERIFE,HIERRO AEROPUERTO,274908N,175320W,1997,19.65,21.78,23.86,0.0,1.0,74.83,234.5,59.0
STA. CRUZ DE TENERIFE,HIERRO AEROPUERTO,274908N,175320W,1998,19.47,21.21,22.91,0.0,0.0,77.42,204.5,48.0
STA. CRUZ DE TENERIFE,HIERRO AEROPUERTO,274908N,175320W,1999,19.07,20.82,22.55,0.0,0.0,78.5,263.09999999999997,48.0
STA. CRUZ DE TENERIFE,HIERRO AEROPUERTO,274908N,175320W,2000,18.57,20.68,22.76,0.0,0.0,79.42,98.5,38.0
STA. CRUZ DE TENERIFE,HIERRO AEROPUERTO,274908N,175320W,2001,19.38,21.57,23.7,0.0,5.0,81.33,203.0,53.0
STA. CRUZ DE TENERIFE,HIERRO AEROPUERTO,274908N,175320W,2002,19.12,21.17,23.14,0.0,3.0,77.58,276.90000000000003,80.0
STA. CRUZ DE TENERIFE,HIERRO AEROPUERTO,274908N,175320W,2003,19.87,22.03,24.15,0.0,4.0,72.67,56.3,63.0
STA. CRUZ DE TENERIFE,HIERRO AEROPUERTO,274908N,175320W,2004,19.71,21.88,23.98,0.0,6.0,71.33,400.59999999999997,65.0
STA. CRUZ DE TENERIFE,HIERRO AEROPUERTO,274908N,175320W,2005,19.22,21.44,23.62,0.0,2.0,71.33,300.0,65.0
STA. CRUZ DE TENERIFE,HIERRO AEROPUERTO,274908N,175320W,2006,19.62,21.83,23.95,0.0,4.0,70.5,118.3,61.0
STA. CRUZ DE TENERIFE,HIERRO AEROPUERTO,274908N,175320W,2007,19.41,21.36,23.26,0.0,3.0,66.82,229.99999999999997,49.0
STA. CRUZ DE TENERIFE,HIERRO AEROPUERTO,274908N,175320W,2008,19.56,21.37,23.11,0.0,1.0,69.17,172.20000000000002,65.0
STA. CRUZ DE TENERIFE,HIERRO AEROPUERTO,274908N,175320W,2009,19.56,21.71,23.84,0.0,0.0,66.6,169.1,63.0
STA. CRUZ DE TENERIFE,HIERRO AEROPUERTO,274908N,175320W,2010,19.86,22.03,24.17,0.0,1.0,67.36,457.59999999999997,86.0
STA. CRUZ DE TENERIFE,HIERRO AEROPUERTO,274908N,175320W,2011,19.43,21.42,23.33,0.0,0.0,70.58,170.2,68.0
STA. CRUZ DE TENERIFE,HIERRO AEROPUERTO,274908N,175320W,2012,19.68,21.72,23.72,0.0,2.0,71.55,178.4,44.0
STA. CRUZ DE TENERIFE,HIERRO AEROPUERTO,274908N,175320W,2013,19.62,21.62,23.54,0.0,1.0,70.27,282.4,63.0
STA. CRUZ DE TENERIFE,HIERRO AEROPUERTO,274908N,175320W,2014,19.61,21.57,23.44,0.0,5.0,70.75,153.1,82.0
STA. CRUZ DE TENERIFE,HIERRO AEROPUERTO,274908N,175320W,2015,19.78,21.73,23.6,0.0,2.0,69.5,140.3,72.0
STA. CRUZ DE TENERIFE,HIERRO AEROPUERTO,274908N,175320W,2016,19.94,21.82,23.64,0.0,0.0,72.17,148.7,76.0
STA. CRUZ DE TENERIFE,HIERRO AEROPUERTO,274908N,175320W,2017,20.07,21.98,23.83,0.0,3.0,71.92,95.10000000000001,48.0
STA. CRUZ DE TENERIFE,HIERRO AEROPUERTO,274908N,175320W,2018,19.18,21.09,22.92,0.0,0.0,72.17,177.20000000000002,83.0
STA. CRUZ DE TENERIFE,HIERRO AEROPUERTO,274908N,175320W,2019,19.48,21.4,23.28,0.0,0.0,71.18,84.3,52.0
STA. CRUZ DE TENERIFE,HIERRO AEROPUERTO,274908N,175320W,2020,19.75,21.85,23.88,0.0,5.0,70.83,110.1,65.0
STA. CRUZ DE TENERIFE,HIERRO AEROPUERTO,274908N,175320W,2021,19.53,21.52,23.44,0.0,2.0,70.58,66.0,55.0
STA. CRUZ DE TENERIFE,HIERRO AEROPUERTO,274908N,175320W,2022,19.66,21.68,23.69,0.0,3.0,71.75,233.1,66.0
STA. CRUZ DE TENERIFE,HIERRO AEROPUERTO,274908N,175320W,2023,20.56,22.72,24.82,0.0,16.0,69.91,102.9,54.0
VALENCIA,VALENCIA AEROPUERTO,392906N,002829W,1979,12.06,17.18,22.29,3.0,36.0,63.58,266.2,1.0
VALENCIA,VALENCIA AEROPUERTO,392906N,002829W,1980,11.3,16.66,22.02,7.0,33.0,65.58,415.9,40.0
VALENCIA,VALENCIA AEROPUERTO,392906N,002829W,1981,11.69,17.14,22.56,9.0,24.0,63.33,236.9,56.0
VALENCIA,VALENCIA AEROPUERTO,392906N,002829W,1982,12.35,17.45,22.48,0.0,55.0,65.17,696.4,70.0
VALENCIA,VALENCIA AEROPUERTO,392906N,002829W,1983,11.92,17.54,23.15,16.0,66.0,64.83,252.1,67.0
VALENCIA,VALENCIA AEROPUERTO,392906N,002829W,1984,11.47,16.59,21.69,9.0,29.0,65.08,383.8,54.0
VALENCIA,VALENCIA AEROPUERTO,392906N,002829W,1985,12.22,17.21,22.2,10.0,54.0,62.25,352.0,78.0
VALENCIA,VALENCIA AEROPUERTO,392906N,002829W,1986,12.11,17.34,22.58,5.0,50.0,61.33,585.0,89.0
VALENCIA,VALENCIA AEROPUERTO,392906N,002829W,1987,12.62,17.78,22.88,8.0,59.0,66.75,555.6,97.0
VALENCIA,VALENCIA AEROPUERTO,392906N,002829W,1988,12.39,17.56,22.68,2.0,52.0,65.67,521.5,97.0
VALENCIA,VALENCIA AEROPUERTO,392906N,002829W,1989,13.02,17.75,22.43,1.0,57.0,70.0,1043.1,124.0
VALENCIA,VALENCIA AEROPUERTO,392906N,002829W,1990,12.51,17.62,22.74,3.0,53.0,66.33,578.8,102.0
VALENCIA,VALENCIA AEROPUERTO,392906N,002829W,1991,11.63,16.85,22.02,6.0,67.0,65.08,660.1,96.0
VALENCIA,VALENCIA AEROPUERTO,392906N,002829W,1992,11.98,17.21,22.36,1.0,44.0,64.08,341.5,90.0
VALENCIA,VALENCIA AEROPUERTO,392906N,002829W,1993,11.92,16.99,22.03,3.0,49.0,64.67,376.7,69.0
VALENCIA,VALENCIA AEROPUERTO,392906N,002829W,1994,13.13,18.32,23.49,6.0,73.0,64.67,275.8,55.0
VALENCIA,VALENCIA AEROPUERTO,392906N,002829W,1995,13.14,18.29,23.38,0.0,52.0,64.0,350.5,74.0
VALENCIA,VALENCIA AEROPUERTO,392906N,002829W,1996,12.61,17.65,22.69,1.0,45.0,62.92,498.79999999999995,104.0
VALENCIA,VALENCIA AEROPUERTO,392906N,002829W,1997,13.42,18.39,23.31,0.0,55.0,67.58,300.6,101.0
VALENCIA,VALENCIA AEROPUERTO,392906N,002829W,1998,12.78,17.98,23.14,1.0,61.0,64.58,385.1,75.0
VALENCIA,VALENCIA AEROPUERTO,392906N,002829W,1999,12.94,18.17,23.35,4.0,66.0,62.42,284.0,70.0
VALENCIA,VALENCIA AEROPUERTO,392906N,002829W,2000,12.9,18.3,23.66,1.0,54.0,63.5,461.09999999999997,68.0
VALENCIA,VALENCIA AEROPUERTO,392906N,002829W,2001,13.45,18.56,23.63,3.0,66.0,64.33,505.9,72.0
VALENCIA,VALENCIA AEROPUERTO,392906N,002829W,2002,12.91,18.13,23.34,0.0,45.0,63.0,561.8,95.0
VALENCIA,VALENCIA AEROPUERTO,392906N,002829W,2003,13.35,18.38,23.36,5.0,81.0,62.75,405.29999999999995,95.0
VALENCIA,VALENCIA AEROPUERTO,392906N,002829W,2004,12.99,17.97,22.97,2.0,57.0,65.0,565.9,84.0
VALENCIA,VALENCIA AEROPUERTO,392906N,002829W,2005,11.36,17.1,22.82,19.0,65.0,60.0,291.5,74.0
VALENCIA,VALENCIA AEROPUERTO,392906N,002829W,2006,12.08,17.94,23.75,11.0,79.0,58.0,370.1,82.0
VALENCIA,VALENCIA AEROPUERTO,392906N,002829W,2007,11.71,17.28,22.8,8.0,44.0,57.17,616.7,93.0
VALENCIA,VALENCIA AEROPUERTO,392906N,002829W,2008,11.57,17.11,22.59,7.0,63.0,57.82,513.2,109.0
VALENCIA,VALENCIA AEROPUERTO,392906N,002829W,2009,11.68,17.19,22.69,14.0,55.0,57.5,377.20000000000005,92.0
VALENCIA,VALENCIA AEROPUERTO,392906N,002829W,2010,11.05,16.29,21.54,23.0,50.0,55.67,391.6,102.0
VALENCIA,VALENCIA AEROPUERTO,392906N,002829W,2011,11.27,16.68,22.02,9.0,30.0,59.75,409.1,90.0
VALENCIA,VALENCIA AEROPUERTO,392906N,002829W,2012,12.68,18.42,24.13,10.0,80.0,53.64,419.6,61.0
VALENCIA,VALENCIA AEROPUERTO,392906N,002829W,2013,13.23,18.66,24.02,0.0,71.0,55.55,261.1,68.0
VALENCIA,VALENCIA AEROPUERTO,392906N,002829W,2014,13.42,18.85,24.22,2.0,76.0,58.91,270.8,71.0
VALENCIA,VALENCIA AEROPUERTO,392906N,002829W,2015,12.29,18.0,23.61,6.0,72.0,61.18,422.7,75.0
VALENCIA,VALENCIA AEROPUERTO,392906N,002829W,2016,12.61,17.93,23.23,2.0,53.0,60.42,487.3,82.0
VALENCIA,VALENCIA AEROPUERTO,392906N,002829W,2017,11.84,17.78,23.68,10.0,76.0,59.33,324.0,69.0
VALENCIA,VALENCIA AEROPUERTO,392906N,002829W,2018,12.51,17.97,23.4,6.0,70.0,59.58,543.4,105.0
VALENCIA,VALENCIA AEROPUERTO,392906N,002829W,2019,12.28,18.16,23.96,3.0,76.0,58.58,394.29999999999995,67.0
VALENCIA,VALENCIA AEROPUERTO,392906N,002829W,2020,12.72,18.38,24.03,4.0,85.0,63.5,544.2,87.0
VALENCIA,VALENCIA AEROPUERTO,392906N,002829W,2021,13.05,18.07,23.03,8.0,60.0,63.42,456.2,100.0
VALENCIA,VALENCIA AEROPUERTO,392906N,002829W,2022,13.68,19.18,24.62,6.0,103.0,61.5,741.9,98.0
VALENCIA,VALENCIA AEROPUERTO,392906N,002829W,2023,13.3,19.07,24.77,5.0,87.0,58.42,313.9,70.0
